{
  "config": "{\"version\":\"5.46\",\"themeCollection\":{\"baseTheme\":{\"name\":\"Sunset Report\",\"version\":\"5.45\",\"type\":2}},\"activeSectionIndex\":0,\"defaultDrillFilterOtherVisuals\":true,\"linguisticSchemaSyncVersion\":0,\"settings\":{\"useNewFilterPaneExperience\":true,\"allowChangeFilterTypes\":true,\"useStylableVisualContainerHeader\":true,\"queryLimitOption\":6,\"useEnhancedTooltips\":true,\"exportDataMode\":1,\"useDefaultAggregateDisplayName\":true},\"objects\":{\"section\":[{\"properties\":{\"verticalAlignment\":{\"expr\":{\"Literal\":{\"Value\":\"'Normal'\"}}}}}]}}",
  "layoutOptimization": 0,
  "resourcePackages": [
    {
      "resourcePackage": {
        "disabled": false,
        "items": [
          {
            "name": "Main Dimensions92818252150566204.svg",
            "path": "Main Dimensions92818252150566204.svg",
            "type": 100
          },
          {
            "name": "main11965367719941776.svg",
            "path": "main11965367719941776.svg",
            "type": 100
          },
          {
            "name": "pink29760824375374554.svg",
            "path": "pink29760824375374554.svg",
            "type": 100
          },
          {
            "name": "purple98234656989916183.svg",
            "path": "purple98234656989916183.svg",
            "type": 100
          },
          {
            "name": "red60978447505728608.svg",
            "path": "red60978447505728608.svg",
            "type": 100
          },
          {
            "name": "yellow68224372706780921.svg",
            "path": "yellow68224372706780921.svg",
            "type": 100
          }
        ],
        "name": "RegisteredResources",
        "type": 1
      }
    },
    {
      "resourcePackage": {
        "disabled": false,
        "items": [
          {
            "name": "Sunset Report",
            "path": "BaseThemes/Sunset Report.json",
            "type": 202
          }
        ],
        "name": "SharedResources",
        "type": 2
      }
    }
  ],
  "sections": [
    {
      "config": "{\"objects\":{\"background\":[{\"properties\":{\"image\":{\"image\":{\"name\":{\"expr\":{\"Literal\":{\"Value\":\"'Main Dimensions.svg'\"}}},\"url\":{\"expr\":{\"ResourcePackageItem\":{\"PackageName\":\"RegisteredResources\",\"PackageType\":1,\"ItemName\":\"Main Dimensions92818252150566204.svg\"}}},\"scaling\":{\"expr\":{\"Literal\":{\"Value\":\"'Normal'\"}}}}},\"transparency\":{\"expr\":{\"Literal\":{\"Value\":\"0D\"}}}}}]},\"visibility\":1}",
      "displayName": "Template",
      "displayOption": 1,
      "filters": "[]",
      "height": 720.00,
      "name": "ReportSection",
      "visualContainers": [
        {
          "config": "{\"name\":\"barChart58384138686589066\",\"layouts\":[{\"id\":0,\"position\":{\"x\":288,\"y\":60,\"z\":1000,\"width\":431,\"height\":600,\"tabOrder\":1000}}],\"singleVisual\":{\"visualType\":\"barChart\",\"drillFilterOtherVisuals\":true,\"vcObjects\":{\"background\":[{\"properties\":{\"color\":{\"solid\":{\"color\":{\"expr\":{\"Literal\":{\"Value\":\"'#ffffff'\"}}}}},\"transparency\":{\"expr\":{\"Literal\":{\"Value\":\"0D\"}}},\"show\":{\"expr\":{\"Literal\":{\"Value\":\"true\"}}}}}]}}}",
          "height": 600.00,
          "width": 431.00,
          "x": 288.00,
          "y": 60.00,
          "z": 1000.00
        },
        {
          "config": "{\"name\":\"cardVisual80283494039004637\",\"layouts\":[{\"id\":0,\"position\":{\"x\":60,\"y\":60,\"z\":0,\"width\":190,\"height\":600,\"tabOrder\":0}}],\"singleVisual\":{\"visualType\":\"cardVisual\",\"drillFilterOtherVisuals\":true}}",
          "height": 600.00,
          "width": 190.00,
          "x": 60.00,
          "y": 60.00,
          "z": 0.00
        },
        {
          "config": "{\"name\":\"scatterChart81365047315740014\",\"layouts\":[{\"id\":0,\"position\":{\"x\":746,\"y\":60,\"z\":2000,\"width\":472,\"height\":600,\"tabOrder\":2000}}],\"singleVisual\":{\"visualType\":\"scatterChart\",\"drillFilterOtherVisuals\":true,\"vcObjects\":{\"background\":[{\"properties\":{\"color\":{\"solid\":{\"color\":{\"expr\":{\"Literal\":{\"Value\":\"'#ffffff'\"}}}}},\"transparency\":{\"expr\":{\"Literal\":{\"Value\":\"0D\"}}},\"show\":{\"expr\":{\"Literal\":{\"Value\":\"true\"}}}}}]}}}",
          "height": 600.00,
          "width": 472.00,
          "x": 746.00,
          "y": 60.00,
          "z": 2000.00
        }
      ],
      "width": 1280.00
    },
    {
      "config": "{\"objects\":{\"background\":[{\"properties\":{\"image\":{\"image\":{\"name\":{\"expr\":{\"Literal\":{\"Value\":\"'main.svg'\"}}},\"url\":{\"expr\":{\"ResourcePackageItem\":{\"PackageName\":\"RegisteredResources\",\"PackageType\":1,\"ItemName\":\"main11965367719941776.svg\"}}},\"scaling\":{\"expr\":{\"Literal\":{\"Value\":\"'Normal'\"}}}}},\"transparency\":{\"expr\":{\"Literal\":{\"Value\":\"0D\"}}}}}]}}",
      "displayName": "Overview",
      "displayOption": 1,
      "filters": "[]",
      "height": 720.00,
      "name": "ReportSection",
      "ordinal": 1,
      "visualContainers": [
        {
          "config": "{\"name\":\"barChart58384138686589066\",\"layouts\":[{\"id\":0,\"position\":{\"x\":311.4285714285714,\"y\":74.28571428571428,\"z\":1000,\"width\":400,\"height\":571.4285714285714,\"tabOrder\":1000}}],\"singleVisual\":{\"visualType\":\"barChart\",\"projections\":{\"Category\":[{\"queryRef\":\"Orders.ShipCountry\",\"active\":true}],\"Y\":[{\"queryRef\":\"Sum(Orders.Freight)\"}]},\"prototypeQuery\":{\"Version\":2,\"From\":[{\"Name\":\"o\",\"Entity\":\"Orders\",\"Type\":0}],\"Select\":[{\"Column\":{\"Expression\":{\"SourceRef\":{\"Source\":\"o\"}},\"Property\":\"ShipCountry\"},\"Name\":\"Orders.ShipCountry\",\"NativeReferenceName\":\"ShipCountry\"},{\"Aggregation\":{\"Expression\":{\"Column\":{\"Expression\":{\"SourceRef\":{\"Source\":\"o\"}},\"Property\":\"Freight\"}},\"Function\":0},\"Name\":\"Sum(Orders.Freight)\",\"NativeReferenceName\":\"Sum of Freight\"}],\"OrderBy\":[{\"Direction\":2,\"Expression\":{\"Aggregation\":{\"Expression\":{\"Column\":{\"Expression\":{\"SourceRef\":{\"Source\":\"o\"}},\"Property\":\"Freight\"}},\"Function\":0}}}]},\"drillFilterOtherVisuals\":true,\"hasDefaultSort\":true,\"vcObjects\":{\"background\":[{\"properties\":{\"color\":{\"solid\":{\"color\":{\"expr\":{\"Literal\":{\"Value\":\"'#ffffff'\"}}}}},\"transparency\":{\"expr\":{\"Literal\":{\"Value\":\"68D\"}}},\"show\":{\"expr\":{\"Literal\":{\"Value\":\"true\"}}}}}],\"visualTooltip\":[{\"properties\":{\"transparency\":{\"expr\":{\"Literal\":{\"Value\":\"100D\"}}}}}],\"title\":[{\"properties\":{\"fontColor\":{\"solid\":{\"color\":{\"expr\":{\"ThemeDataColor\":{\"ColorId\":1,\"Percent\":0.4}}}}},\"text\":{\"expr\":{\"Literal\":{\"Value\":\"'Freight'\"}}}}}]}}}",
          "height": 571.43,
          "width": 400.00,
          "x": 311.43,
          "y": 74.29,
          "z": 1000.00
        },
        {
          "config": "{\"name\":\"cardVisual80283494039004637\",\"layouts\":[{\"id\":0,\"position\":{\"x\":60,\"y\":60,\"z\":0,\"width\":190,\"height\":600,\"tabOrder\":0}}],\"singleVisual\":{\"visualType\":\"cardVisual\",\"projections\":{\"Data\":[{\"queryRef\":\"Sum(Orders.Freight)\"},{\"queryRef\":\"CountNonNull(Orders.EmployeeID)\"},{\"queryRef\":\"Min(Orders.ShipCity)\"},{\"queryRef\":\"Min(Orders.ShipCountry)\"}]},\"prototypeQuery\":{\"Version\":2,\"From\":[{\"Name\":\"o\",\"Entity\":\"Orders\",\"Type\":0}],\"Select\":[{\"Aggregation\":{\"Expression\":{\"Column\":{\"Expression\":{\"SourceRef\":{\"Source\":\"o\"}},\"Property\":\"Freight\"}},\"Function\":0},\"Name\":\"Sum(Orders.Freight)\",\"NativeReferenceName\":\"Sum of Freight\"},{\"Aggregation\":{\"Expression\":{\"Column\":{\"Expression\":{\"SourceRef\":{\"Source\":\"o\"}},\"Property\":\"EmployeeID\"}},\"Function\":5},\"Name\":\"CountNonNull(Orders.EmployeeID)\",\"NativeReferenceName\":\"Count of EmployeeID\"},{\"Aggregation\":{\"Expression\":{\"Column\":{\"Expression\":{\"SourceRef\":{\"Source\":\"o\"}},\"Property\":\"ShipCity\"}},\"Function\":3},\"Name\":\"Min(Orders.ShipCity)\",\"NativeReferenceName\":\"First ShipCity\"},{\"Aggregation\":{\"Expression\":{\"Column\":{\"Expression\":{\"SourceRef\":{\"Source\":\"o\"}},\"Property\":\"ShipCountry\"}},\"Function\":3},\"Name\":\"Min(Orders.ShipCountry)\",\"NativeReferenceName\":\"First ShipCountry\"}],\"OrderBy\":[{\"Direction\":2,\"Expression\":{\"Aggregation\":{\"Expression\":{\"Column\":{\"Expression\":{\"SourceRef\":{\"Source\":\"o\"}},\"Property\":\"Freight\"}},\"Function\":0}}}]},\"drillFilterOtherVisuals\":true,\"hasDefaultSort\":true,\"objects\":{\"fillCustom\":[{\"properties\":{\"show\":{\"expr\":{\"Literal\":{\"Value\":\"false\"}}}}}],\"shapeCustomRectangle\":[{\"properties\":{\"tileShape\":{\"expr\":{\"Literal\":{\"Value\":\"'rectangle'\"}}}},\"selector\":{\"id\":\"default\"}}],\"layout\":[{\"properties\":{\"orientation\":{\"expr\":{\"Literal\":{\"Value\":\"1D\"}}}}}],\"value\":[{\"properties\":{\"fontColor\":{\"solid\":{\"color\":{\"expr\":{\"ThemeDataColor\":{\"ColorId\":0,\"Percent\":0}}}}}},\"selector\":{\"id\":\"default\"}}],\"outline\":[{\"properties\":{\"show\":{\"expr\":{\"Literal\":{\"Value\":\"false\"}}}}}],\"label\":[{\"properties\":{\"fontColor\":{\"solid\":{\"color\":{\"expr\":{\"ThemeDataColor\":{\"ColorId\":0,\"Percent\":0}}}}},\"fontSize\":{\"expr\":{\"Literal\":{\"Value\":\"12D\"}}}},\"selector\":{\"id\":\"default\"}}]},\"vcObjects\":{\"title\":[{\"properties\":{\"show\":{\"expr\":{\"Literal\":{\"Value\":\"false\"}}}}}]}}}",
          "height": 600.00,
          "width": 190.00,
          "x": 60.00,
          "y": 60.00,
          "z": 0.00
        },
        {
          "config": "{\"name\":\"scatterChart81365047315740014\",\"layouts\":[{\"id\":0,\"position\":{\"x\":745.7142857142857,\"y\":74.28571428571428,\"z\":2000,\"width\":458.0952380952381,\"height\":571.4285714285714,\"tabOrder\":2000}}],\"singleVisual\":{\"visualType\":\"scatterChart\",\"projections\":{\"X\":[{\"queryRef\":\"Sum(Orders.Freight)\",\"active\":true}],\"Category\":[{\"queryRef\":\"Orders.ShipCity\",\"active\":true}],\"Y\":[{\"queryRef\":\"Sum(Order_Details.Quantity)\"}]},\"prototypeQuery\":{\"Version\":2,\"From\":[{\"Name\":\"o\",\"Entity\":\"Orders\",\"Type\":0},{\"Name\":\"o1\",\"Entity\":\"Order_Details\",\"Type\":0}],\"Select\":[{\"Aggregation\":{\"Expression\":{\"Column\":{\"Expression\":{\"SourceRef\":{\"Source\":\"o\"}},\"Property\":\"Freight\"}},\"Function\":0},\"Name\":\"Sum(Orders.Freight)\",\"NativeReferenceName\":\"Sum of Freight\"},{\"Column\":{\"Expression\":{\"SourceRef\":{\"Source\":\"o\"}},\"Property\":\"ShipCity\"},\"Name\":\"Orders.ShipCity\",\"NativeReferenceName\":\"ShipCity\"},{\"Aggregation\":{\"Expression\":{\"Column\":{\"Expression\":{\"SourceRef\":{\"Source\":\"o1\"}},\"Property\":\"Quantity\"}},\"Function\":0},\"Name\":\"Sum(Order_Details.Quantity)\",\"NativeReferenceName\":\"Sum of Quantity\"}]},\"drillFilterOtherVisuals\":true,\"vcObjects\":{\"background\":[{\"properties\":{\"color\":{\"solid\":{\"color\":{\"expr\":{\"Literal\":{\"Value\":\"'#ffffff'\"}}}}},\"transparency\":{\"expr\":{\"Literal\":{\"Value\":\"69D\"}}},\"show\":{\"expr\":{\"Literal\":{\"Value\":\"true\"}}}}}],\"visualTooltip\":[{\"properties\":{\"transparency\":{\"expr\":{\"Literal\":{\"Value\":\"100D\"}}}}}],\"title\":[{\"properties\":{\"fontColor\":{\"solid\":{\"color\":{\"expr\":{\"ThemeDataColor\":{\"ColorId\":1,\"Percent\":0.4}}}}},\"text\":{\"expr\":{\"Literal\":{\"Value\":\"'Scatter Chart'\"}}}}}]}}}",
          "height": 571.43,
          "width": 458.10,
          "x": 745.71,
          "y": 74.29,
          "z": 2000.00
        }
      ],
      "width": 1280.00
    },
    {
      "config": "{\"objects\":{\"background\":[{\"properties\":{\"image\":{\"image\":{\"name\":{\"expr\":{\"Literal\":{\"Value\":\"'yellow.svg'\"}}},\"url\":{\"expr\":{\"ResourcePackageItem\":{\"PackageName\":\"RegisteredResources\",\"PackageType\":1,\"ItemName\":\"yellow68224372706780921.svg\"}}},\"scaling\":{\"expr\":{\"Literal\":{\"Value\":\"'Normal'\"}}}}},\"transparency\":{\"expr\":{\"Literal\":{\"Value\":\"0D\"}}}}}]}}",
      "displayName": "Yellow",
      "displayOption": 1,
      "filters": "[]",
      "height": 720.00,
      "name": "ReportSection",
      "ordinal": 2,
      "visualContainers": [
        {
          "config": "{\"name\":\"barChart58384138686589066\",\"layouts\":[{\"id\":0,\"position\":{\"x\":288,\"y\":60,\"z\":1000,\"width\":431,\"height\":600,\"tabOrder\":1000}}],\"singleVisual\":{\"visualType\":\"barChart\",\"drillFilterOtherVisuals\":true,\"vcObjects\":{\"background\":[{\"properties\":{\"color\":{\"solid\":{\"color\":{\"expr\":{\"Literal\":{\"Value\":\"'#ffffff'\"}}}}},\"transparency\":{\"expr\":{\"Literal\":{\"Value\":\"0D\"}}},\"show\":{\"expr\":{\"Literal\":{\"Value\":\"true\"}}}}}]}}}",
          "height": 600.00,
          "width": 431.00,
          "x": 288.00,
          "y": 60.00,
          "z": 1000.00
        },
        {
          "config": "{\"name\":\"cardVisual80283494039004637\",\"layouts\":[{\"id\":0,\"position\":{\"x\":60,\"y\":60,\"z\":0,\"width\":190,\"height\":600,\"tabOrder\":0}}],\"singleVisual\":{\"visualType\":\"cardVisual\",\"drillFilterOtherVisuals\":true}}",
          "height": 600.00,
          "width": 190.00,
          "x": 60.00,
          "y": 60.00,
          "z": 0.00
        },
        {
          "config": "{\"name\":\"scatterChart81365047315740014\",\"layouts\":[{\"id\":0,\"position\":{\"x\":746,\"y\":60,\"z\":2000,\"width\":472,\"height\":600,\"tabOrder\":2000}}],\"singleVisual\":{\"visualType\":\"scatterChart\",\"drillFilterOtherVisuals\":true,\"vcObjects\":{\"background\":[{\"properties\":{\"color\":{\"solid\":{\"color\":{\"expr\":{\"Literal\":{\"Value\":\"'#ffffff'\"}}}}},\"transparency\":{\"expr\":{\"Literal\":{\"Value\":\"0D\"}}},\"show\":{\"expr\":{\"Literal\":{\"Value\":\"true\"}}}}}]}}}",
          "height": 600.00,
          "width": 472.00,
          "x": 746.00,
          "y": 60.00,
          "z": 2000.00
        }
      ],
      "width": 1280.00
    },
    {
      "config": "{\"objects\":{\"background\":[{\"properties\":{\"image\":{\"image\":{\"name\":{\"expr\":{\"Literal\":{\"Value\":\"'red.svg'\"}}},\"url\":{\"expr\":{\"ResourcePackageItem\":{\"PackageName\":\"RegisteredResources\",\"PackageType\":1,\"ItemName\":\"red60978447505728608.svg\"}}},\"scaling\":{\"expr\":{\"Literal\":{\"Value\":\"'Normal'\"}}}}},\"transparency\":{\"expr\":{\"Literal\":{\"Value\":\"0D\"}}}}}]}}",
      "displayName": "Red",
      "displayOption": 1,
      "filters": "[]",
      "height": 720.00,
      "name": "ReportSection",
      "ordinal": 3,
      "visualContainers": [
        {
          "config": "{\"name\":\"barChart58384138686589066\",\"layouts\":[{\"id\":0,\"position\":{\"x\":288,\"y\":60,\"z\":1000,\"width\":431,\"height\":600,\"tabOrder\":1000}}],\"singleVisual\":{\"visualType\":\"barChart\",\"drillFilterOtherVisuals\":true,\"vcObjects\":{\"background\":[{\"properties\":{\"color\":{\"solid\":{\"color\":{\"expr\":{\"Literal\":{\"Value\":\"'#ffffff'\"}}}}},\"transparency\":{\"expr\":{\"Literal\":{\"Value\":\"0D\"}}},\"show\":{\"expr\":{\"Literal\":{\"Value\":\"true\"}}}}}]}}}",
          "height": 600.00,
          "width": 431.00,
          "x": 288.00,
          "y": 60.00,
          "z": 1000.00
        },
        {
          "config": "{\"name\":\"cardVisual80283494039004637\",\"layouts\":[{\"id\":0,\"position\":{\"x\":60,\"y\":60,\"z\":0,\"width\":190,\"height\":600,\"tabOrder\":0}}],\"singleVisual\":{\"visualType\":\"cardVisual\",\"drillFilterOtherVisuals\":true}}",
          "height": 600.00,
          "width": 190.00,
          "x": 60.00,
          "y": 60.00,
          "z": 0.00
        },
        {
          "config": "{\"name\":\"scatterChart81365047315740014\",\"layouts\":[{\"id\":0,\"position\":{\"x\":746,\"y\":60,\"z\":2000,\"width\":472,\"height\":600,\"tabOrder\":2000}}],\"singleVisual\":{\"visualType\":\"scatterChart\",\"drillFilterOtherVisuals\":true,\"vcObjects\":{\"background\":[{\"properties\":{\"color\":{\"solid\":{\"color\":{\"expr\":{\"Literal\":{\"Value\":\"'#ffffff'\"}}}}},\"transparency\":{\"expr\":{\"Literal\":{\"Value\":\"0D\"}}},\"show\":{\"expr\":{\"Literal\":{\"Value\":\"true\"}}}}}]}}}",
          "height": 600.00,
          "width": 472.00,
          "x": 746.00,
          "y": 60.00,
          "z": 2000.00
        }
      ],
      "width": 1280.00
    },
    {
      "config": "{\"objects\":{\"background\":[{\"properties\":{\"image\":{\"image\":{\"name\":{\"expr\":{\"Literal\":{\"Value\":\"'pink.svg'\"}}},\"url\":{\"expr\":{\"ResourcePackageItem\":{\"PackageName\":\"RegisteredResources\",\"PackageType\":1,\"ItemName\":\"pink29760824375374554.svg\"}}},\"scaling\":{\"expr\":{\"Literal\":{\"Value\":\"'Normal'\"}}}}},\"transparency\":{\"expr\":{\"Literal\":{\"Value\":\"0D\"}}}}}]}}",
      "displayName": "Pink",
      "displayOption": 1,
      "filters": "[]",
      "height": 720.00,
      "name": "ReportSection",
      "ordinal": 4,
      "visualContainers": [
        {
          "config": "{\"name\":\"barChart58384138686589066\",\"layouts\":[{\"id\":0,\"position\":{\"x\":288,\"y\":60,\"z\":1000,\"width\":431,\"height\":600,\"tabOrder\":1000}}],\"singleVisual\":{\"visualType\":\"barChart\",\"drillFilterOtherVisuals\":true,\"vcObjects\":{\"background\":[{\"properties\":{\"color\":{\"solid\":{\"color\":{\"expr\":{\"Literal\":{\"Value\":\"'#ffffff'\"}}}}},\"transparency\":{\"expr\":{\"Literal\":{\"Value\":\"0D\"}}},\"show\":{\"expr\":{\"Literal\":{\"Value\":\"true\"}}}}}]}}}",
          "height": 600.00,
          "width": 431.00,
          "x": 288.00,
          "y": 60.00,
          "z": 1000.00
        },
        {
          "config": "{\"name\":\"cardVisual80283494039004637\",\"layouts\":[{\"id\":0,\"position\":{\"x\":60,\"y\":60,\"z\":0,\"width\":190,\"height\":600,\"tabOrder\":0}}],\"singleVisual\":{\"visualType\":\"cardVisual\",\"drillFilterOtherVisuals\":true}}",
          "height": 600.00,
          "width": 190.00,
          "x": 60.00,
          "y": 60.00,
          "z": 0.00
        },
        {
          "config": "{\"name\":\"scatterChart81365047315740014\",\"layouts\":[{\"id\":0,\"position\":{\"x\":746,\"y\":60,\"z\":2000,\"width\":472,\"height\":600,\"tabOrder\":2000}}],\"singleVisual\":{\"visualType\":\"scatterChart\",\"drillFilterOtherVisuals\":true,\"vcObjects\":{\"background\":[{\"properties\":{\"color\":{\"solid\":{\"color\":{\"expr\":{\"Literal\":{\"Value\":\"'#ffffff'\"}}}}},\"transparency\":{\"expr\":{\"Literal\":{\"Value\":\"0D\"}}},\"show\":{\"expr\":{\"Literal\":{\"Value\":\"true\"}}}}}]}}}",
          "height": 600.00,
          "width": 472.00,
          "x": 746.00,
          "y": 60.00,
          "z": 2000.00
        }
      ],
      "width": 1280.00
    },
    {
      "config": "{\"objects\":{\"background\":[{\"properties\":{\"image\":{\"image\":{\"name\":{\"expr\":{\"Literal\":{\"Value\":\"'purple.svg'\"}}},\"url\":{\"expr\":{\"ResourcePackageItem\":{\"PackageName\":\"RegisteredResources\",\"PackageType\":1,\"ItemName\":\"purple98234656989916183.svg\"}}},\"scaling\":{\"expr\":{\"Literal\":{\"Value\":\"'Normal'\"}}}}},\"transparency\":{\"expr\":{\"Literal\":{\"Value\":\"0D\"}}}}}]}}",
      "displayName": "Purple",
      "displayOption": 1,
      "filters": "[]",
      "height": 720.00,
      "name": "ReportSection",
      "ordinal": 5,
      "visualContainers": [
        {
          "config": "{\"name\":\"barChart58384138686589066\",\"layouts\":[{\"id\":0,\"position\":{\"x\":288,\"y\":60,\"z\":1000,\"width\":431,\"height\":600,\"tabOrder\":1000}}],\"singleVisual\":{\"visualType\":\"barChart\",\"drillFilterOtherVisuals\":true,\"vcObjects\":{\"background\":[{\"properties\":{\"color\":{\"solid\":{\"color\":{\"expr\":{\"Literal\":{\"Value\":\"'#ffffff'\"}}}}},\"transparency\":{\"expr\":{\"Literal\":{\"Value\":\"0D\"}}},\"show\":{\"expr\":{\"Literal\":{\"Value\":\"true\"}}}}}]}}}",
          "height": 600.00,
          "width": 431.00,
          "x": 288.00,
          "y": 60.00,
          "z": 1000.00
        },
        {
          "config": "{\"name\":\"cardVisual80283494039004637\",\"layouts\":[{\"id\":0,\"position\":{\"x\":60,\"y\":60,\"z\":0,\"width\":190,\"height\":600,\"tabOrder\":0}}],\"singleVisual\":{\"visualType\":\"cardVisual\",\"drillFilterOtherVisuals\":true}}",
          "height": 600.00,
          "width": 190.00,
          "x": 60.00,
          "y": 60.00,
          "z": 0.00
        },
        {
          "config": "{\"name\":\"scatterChart81365047315740014\",\"layouts\":[{\"id\":0,\"position\":{\"x\":746,\"y\":60,\"z\":2000,\"width\":472,\"height\":600,\"tabOrder\":2000}}],\"singleVisual\":{\"visualType\":\"scatterChart\",\"drillFilterOtherVisuals\":true,\"vcObjects\":{\"background\":[{\"properties\":{\"color\":{\"solid\":{\"color\":{\"expr\":{\"Literal\":{\"Value\":\"'#ffffff'\"}}}}},\"transparency\":{\"expr\":{\"Literal\":{\"Value\":\"0D\"}}},\"show\":{\"expr\":{\"Literal\":{\"Value\":\"true\"}}}}}]}}}",
          "height": 600.00,
          "width": 472.00,
          "x": 746.00,
          "y": 60.00,
          "z": 2000.00
        }
      ],
      "width": 1280.00
    },
    {
      "config": "{\"objects\":{\"background\":[{\"properties\":{\"image\":{\"image\":{\"name\":{\"expr\":{\"Literal\":{\"Value\":\"''\"}}},\"url\":{\"expr\":{\"ResourcePackageItem\":{\"PackageName\":\"RegisteredResources\",\"PackageType\":1,\"ItemName\":\"\"}}},\"scaling\":{\"expr\":{\"Literal\":{\"Value\":\"'Normal'\"}}}}},\"transparency\":{\"expr\":{\"Literal\":{\"Value\":\"0D\"}}}}}]},\"visibility\":1}",
      "displayName": "Release Note",
      "displayOption": 2,
      "filters": "[]",
      "height": 1280.00,
      "name": "ReportSection",
      "ordinal": 6,
      "visualContainers": [],
      "width": 720.00
    }
  ]
}