{
  "name": "Sunset Report",
  "dataColors": [
    "#F9A030",
    "#EF443A",
    "#D21B61",
    "#892577",
    "#5284ff",
    "#2dd7ff",
    "#a28d38",
    "#b0ae5a"
  ],
  "visualStyles": {
    "*": {
      "*": {
        "title": [
          {
            "alignment": "center",
            "fontSize": 20
          }
        ]
      }
    }
  },
  "icons": [
    {
      "description": "Red Person Circle",
      "url": "data:image/svg+xml;utf8,<svg stroke=\"%23b3332c\" fill=\"%23b3332c\" stroke-width=\"0\" viewBox=\"0 0 24 24\" height=\"1em\" width=\"1em\" xmlns=\"http://www.w3.org/2000/svg\"><path d=\"M12 2C6.48 2 2 6.48 2 12s4.48 10 10 10 10-4.48 10-10S17.52 2 12 2zm0 3c1.66 0 3 1.34 3 3s-1.34 3-3 3-3-1.34-3-3 1.34-3 3-3zm0 14.2c-2.5 0-4.71-1.28-6-3.22.03-1.99 4-3.08 6-3.08 1.99 0 5.97 1.09 6 3.08-1.29 1.94-3.5 3.22-6 3.22z\"></path></svg>"
    }
  ]
}